asset_id,asset,asset_kind,explicit_indoor,area,nearest_option,nearest_option_distance_m,reason_bucket,same_number_pole_exists,same_number_pole,same_number_option_distance_m
AUTO-0002D97A4D42283ED2190BB7,C-025-Fix Dome,Kamera CCTV,True,FT PENGAPON - SEMARANG,T-TOWER,7.102,Opsi >5–10 m,False,,
AUTO-0014668B28E81208A7B7A0D7,C-040,Kamera CCTV,False,FT PENGAPON - SEMARANG,T-016,11.506,Opsi >10–25 m,False,,
AUTO-001CEDB534B19BAE0252E67A,C-032,Kamera CCTV,False,FT MAOS,,,Tidak ada opsi ≤25 m,False,,
AUTO-01709548BF85D1A84ABBE57E,BC-012,Kamera CCTV,False,DPPU YIA,T-001,8.409,Opsi >5–10 m,False,,
AUTO-01769E8770EF645794C76893,C-025-PTZ Tower,Kamera CCTV,False,FT CILACAP,T-002,12.96,Opsi >10–25 m,False,,
AUTO-01F5FB490E4855D1545DD088,C-031,Kamera CCTV,False,ITC LPG CILACAP,T-008,9.781,Opsi >5–10 m,False,,
AUTO-0336B8563D55D3CA27A4F59A,JB-CCTV-11-WP,Junction box,False,DPPU YIA,,,Tidak ada opsi ≤25 m,False,,
AUTO-040ED4D18120CCEF21D9EF3E,C.014,Kamera CCTV,False,FT CILACAP,T-009,6.567,Opsi >5–10 m,True,T-014,
AUTO-04C641AA139FCA63A1D8EB64,C-005-Fix Geser Arah,Kamera CCTV,False,FT MAOS,,,Tidak ada opsi ≤25 m,True,T-005,
AUTO-052C5C2AB16AED71F9EE1234,C-029- Dome,Kamera CCTV,True,FT REWULU,,,Tidak ada opsi ≤25 m,False,,
AUTO-054346553F7DA704F602D940,C-062,Kamera CCTV,False,FT LOMANIS,T-012,8.547,Opsi >5–10 m,False,,
AUTO-06305BCAFB6544522BF83714,C-024- Dome,Kamera CCTV,True,FT REWULU,T-014,22.917,Opsi >10–25 m,False,,
AUTO-06344E7E44DC2FF466D1652D,C-031,Kamera CCTV,False,FT MAOS,,,Tidak ada opsi ≤25 m,False,,
AUTO-0647C24E07C584EB1DE4F746,C-33-EXP,Kamera CCTV,False,FT Tegal Baru,,,Tidak ada opsi ≤25 m,False,,
AUTO-067CB166262B06A0F0A69CB3,C-052,Kamera CCTV,False,FT REWULU,T-017,9.868,Opsi >5–10 m,False,,
AUTO-08C216CF0820E16DB3B74D60,DC-048,Kamera CCTV,True,DPPU YIA,T-016,13.742,Opsi >10–25 m,False,,
AUTO-08F61A58B8893AB23C8071CB,JB00.2,Junction box,False,FT MAOS,,,Tidak ada opsi ≤25 m,False,,
AUTO-08F647DD4E1C6D9B0BFAF7F8,C-027-Fix,Kamera CCTV,False,FT MAOS,T-005,6.674,Opsi >5–10 m,False,,
AUTO-0A527BDE8DEEFBFFC0D5E455,C-048,Kamera CCTV,False,FT REWULU,,,Tidak ada opsi ≤25 m,False,,
AUTO-0A5D56D885C36A632F51690A,C-031,Kamera CCTV,False,FT PENGAPON - SEMARANG,T-007,14.269,Opsi >10–25 m,False,,
AUTO-0DE6B5A3E62B95246065D2FF,C-16,Kamera CCTV,False,FT Tegal Baru,,,Tidak ada opsi ≤25 m,True,T-16,
AUTO-0DF70714DE19B85CBC1BC4E8,C-026-Fix Dome,Kamera CCTV,True,FT PENGAPON - SEMARANG,T-TOWER,24.148,Opsi >10–25 m,False,,
AUTO-0EB2878FD01C085C44ED628F,C-036,Kamera CCTV,False,ITC LPG CILACAP,T-011,5.837,Opsi >5–10 m,False,,
AUTO-0EDC925EF3EEABF66395B6A7,C-018,Kamera CCTV,False,FT LOMANIS,T-014,6.065,Opsi >5–10 m,True,T-018,
AUTO-0F58A310A254341BFB5AA8BC,BC-029,Kamera CCTV,False,DPPU YIA,T-014,5.35,Opsi >5–10 m,False,,
AUTO-0F8B881B6A467A9705B80FF2,C-036,Kamera CCTV,True,FT LOMANIS,,,Tidak ada opsi ≤25 m,False,,
AUTO-10ED6987A80636613B2815C7,JB-01.4,Junction box,False,ITC LPG CILACAP,T-001,17.768,Opsi >10–25 m,True,T-001,17.768
AUTO-123F1682831E84CD71186EB0,BC-036,Kamera CCTV,False,DPPU YIA,T-009,6.222,Opsi >5–10 m,False,,
AUTO-1363E4E86CDECF8383AB2C50,C-060,Kamera CCTV,True,FT LOMANIS,,,Tidak ada opsi ≤25 m,False,,
AUTO-13EA6A70D7878E8BF84DB792,C-021-Fix,Kamera CCTV,False,FT MAOS,T-012,12.492,Opsi >10–25 m,False,,
AUTO-1436406B1AB9F9CC4F4B77FA,C-028- Dome,Kamera CCTV,True,FT REWULU,T-014,17.751,Opsi >10–25 m,False,,
AUTO-1448432A1F4C63C514072172,C-012,Kamera CCTV,False,ITC LPG CILACAP,T-005,22.29,Opsi >10–25 m,True,T-012,
AUTO-144BAAB1510D0700B23C0410,C-016-Fix,Kamera CCTV,False,FT REWULU,T-009,9.125,Opsi >5–10 m,True,T-016,
AUTO-1536EA57DD4C5FAEE13BCC64,C-070,Kamera CCTV,False,FT LOMANIS,T-023,5.934,Opsi >5–10 m,False,,
AUTO-1560497BB55C6C6B1A72ADAC,C-020,Kamera CCTV,False,ITC LPG CILACAP,T-014,11.577,Opsi >10–25 m,False,,
AUTO-15A935D1BF48A7EEECC313D9,C-033,Kamera CCTV,False,ITC LPG CILACAP,T-010,5.939,Opsi >5–10 m,False,,
AUTO-1627929034B736959A152EB8,DC-024,Kamera CCTV,True,DPPU YIA,,,Tidak ada opsi ≤25 m,False,,
AUTO-169B39C939F4E07537718565,C-039,Kamera CCTV,False,FT PENGAPON - SEMARANG,T-012,9.481,Opsi >5–10 m,False,,
AUTO-17BC16FF613A346DB69ED96E,JB-09.1,Junction box,False,FT Tegal Baru,,,Tidak ada opsi ≤25 m,True,T-09,
AUTO-17BF1DA50A94EED563491666,C-033,Kamera CCTV,False,FT REWULU,T-018,6.643,Opsi >5–10 m,False,,
AUTO-18276AE38D46C41414EAE055,JB-006-exp,Junction box,False,ITC LPG CILACAP,,,Tidak ada opsi ≤25 m,True,T-006,
AUTO-1A253A12E813162FE8C7EE42,C-006-Fix,Kamera CCTV,False,FT MAOS,,,Tidak ada opsi ≤25 m,True,T-006,
AUTO-1B287F79B5CFB558949B95D4,JB-019,Junction box,False,FT PENGAPON - SEMARANG,,,Tidak ada opsi ≤25 m,True,T-019,
AUTO-1CBD02384681E975CBE582E2,C-029,Kamera CCTV,False,FT PENGAPON - SEMARANG,T-002,9.33,Opsi >5–10 m,False,,
AUTO-1CFFB30505E2B39F4A4C55E7,C-029,Kamera CCTV,False,ITC LPG CILACAP,,,Tidak ada opsi ≤25 m,False,,
AUTO-1D697969225EC0AB6ED9B796,C-009-Fix,Kamera CCTV,False,FT MAOS,,,Tidak ada opsi ≤25 m,True,T-009,
AUTO-1DF0C07C621B374A0823B182,JB-02,Junction box,False,Booster Kutawinangun,,,Tidak ada opsi ≤25 m,True,T-02,
AUTO-1F53821C95E969E495C310E1,JB-10.1,Junction box,False,FT Tegal Baru,,,Tidak ada opsi ≤25 m,True,T-10,
AUTO-1FA914E84B9D429B33B44A5D,C-032,Kamera CCTV,False,FT PENGAPON - SEMARANG,T-007,13.771,Opsi >10–25 m,False,,
AUTO-1FAB6EC4A24A8244137BD95B,C-034,Kamera CCTV,False,ITC LPG CILACAP,T-010,6.266,Opsi >5–10 m,False,,
AUTO-20BFE03B09CEB53540DCEC29,C-042,Kamera CCTV,False,FT LOMANIS,,,Tidak ada opsi ≤25 m,False,,
AUTO-20FD81BC67F1A5404E65E261,C-036,Kamera CCTV,False,FT REWULU,T-004,6.958,Opsi >5–10 m,False,,
AUTO-21829A36E672B53B4F3F29C8,C-034,Kamera CCTV,False,FT LOMANIS,,,Tidak ada opsi ≤25 m,False,,
AUTO-21B13AA2EF63E106DC2FAF34,BC-002,Kamera CCTV,False,DPPU YIA,T-017,6.835,Opsi >5–10 m,False,,
AUTO-21BD6F48A7CFDAAF2C1C9EAC,C-036,Kamera CCTV,False,FT CILACAP,T-007,7.2,Opsi >5–10 m,False,,
AUTO-2294708277F651B56828B1B9,JB05.3-exp,Junction box,False,FT MAOS,T-005,24.48,Opsi >10–25 m,True,T-005,24.48
AUTO-22F160892CC23828BC29F60B,C-07,Kamera CCTV,True,FT Tegal Baru,,,Tidak ada opsi ≤25 m,True,T-07,
AUTO-22F601B841528020A6BDF0CC,JB-009,Junction box,False,ITC LPG CILACAP,T-005,10.061,Opsi >10–25 m,True,T-009,
AUTO-231EB0BB21043354C354134F,C-003,Kamera CCTV,True,FT LOMANIS,T-025,11.131,Opsi >10–25 m,True,T-003,
AUTO-24366E386BCF6AE9EDF048AB,JB-02.3,Junction box,False,FT Tegal Baru,,,Tidak ada opsi ≤25 m,True,T-02,
AUTO-255DE3FDF7C2270E4DE483E4,C-34-EXP,Kamera CCTV,False,FT Tegal Baru,,,Tidak ada opsi ≤25 m,False,,
AUTO-26217460DE6396045DFFFBCE,C-022,Kamera CCTV,False,FT PENGAPON - SEMARANG,,,Tidak ada opsi ≤25 m,False,,
AUTO-278160CC5E3F8C210AAA9824,JB05.1,Junction box,False,FT MAOS,,,Tidak ada opsi ≤25 m,True,T-005,
AUTO-27AAFF16B304C3A6F1BE1C08,C-023_PTZ-TOWER,Kamera CCTV,False,FT MAOS,,,Tidak ada opsi ≤25 m,False,,
AUTO-280002AF2349BF9397C09BAD,C-043,Kamera CCTV,False,FT LOMANIS,T-005,8.352,Opsi >5–10 m,False,,
AUTO-284C9D0640C9E33F8FC9D911,JB-00.1,Junction box,False,ITC LPG CILACAP,T-005,18.056,Opsi >10–25 m,False,,
AUTO-291DC2E766E8D4067091EFA3,C-040-Fix,Kamera CCTV,False,FT MAOS,T-010,8.064,Opsi >5–10 m,False,,
AUTO-2A832A0B487397740088A53F,Cam-17,Kamera CCTV,True,Booster Kutawinangun,T-08,15.238,Opsi >10–25 m,False,,
AUTO-2B2D144A4E2DD044E95BD82B,C.002,Kamera CCTV,False,FT CILACAP,,,Tidak ada opsi ≤25 m,True,T-002,
AUTO-2C14781FC61FE38344D285A8,C-046,Kamera CCTV,False,FT LOMANIS,T-028,6.199,Opsi >5–10 m,False,,
AUTO-2C87112C629CB31BB62F6F02,C.013,Kamera CCTV,False,FT CILACAP,T-008,8.574,Opsi >5–10 m,True,T-013,
AUTO-2C92ECA0E3DA5817CEC7EDFC,C-006,Kamera CCTV,False,FT LOMANIS,T-001,6.552,Opsi >5–10 m,True,T-006,
AUTO-2FF37AC43E41F0AE99B84AA6,C-034,Kamera CCTV,False,FT CILACAP,T-006,5.789,Opsi >5–10 m,False,,
AUTO-30445AF5D7987A6499AACA75,BC-038,Kamera CCTV,False,DPPU YIA,T-008,6.031,Opsi >5–10 m,False,,
AUTO-309255136253BC2CB07A0D2C,C-001,Kamera CCTV,False,FT LOMANIS,,,Tidak ada opsi ≤25 m,True,T-001,
AUTO-310ABE9F4B092BA1A33834B3,C-065,Kamera CCTV,False,FT LOMANIS,T-026,8.643,Opsi >5–10 m,False,,
AUTO-326183974CC1DCC3D38993E2,C-01,Kamera CCTV,True,FT Tegal Baru,T-01,24.46,Opsi >10–25 m,True,T-01,24.46
AUTO-32931EEB79A3EE07EF6B624C,JB.SU.1,Junction box,False,FT LOMANIS,T-022,24.351,Opsi >10–25 m,False,,
AUTO-32AB84372C612A52E016EA30,C.016,Kamera CCTV,False,FT CILACAP,T-010,5.743,Opsi >5–10 m,False,,
AUTO-3450F15203CB2619BF328DEF,JB-FO-Server Utara,Junction box,False,FT LOMANIS,T-022,16.657,Opsi >10–25 m,False,,
AUTO-34BF0A39D6A58406BEC32ABD,C-032,Kamera CCTV,False,ITC LPG CILACAP,T-009,12.136,Opsi >10–25 m,False,,
AUTO-34F3FCAE03AA21F5F7460CD1,JB-003A,Junction box,False,FT LOMANIS,T-004,15.119,Opsi >10–25 m,False,,
AUTO-35DC5EF264B44EBA6AC763DD,JB-10.1,Junction box,False,FT CILACAP,T-007,9.497,Opsi >5–10 m,True,T-010,
AUTO-3618882F2E24D3F933321DA5,C-012-Exp,Kamera CCTV,False,FT MAOS,,,Tidak ada opsi ≤25 m,True,T-012,
AUTO-367339FD7683327FB7984B6E,JB-CCTV-12-WP,Junction box,False,DPPU YIA,T-014,6.786,Opsi >5–10 m,False,,
AUTO-36CE05273E15917D2705AD0F,JB-CCTV-13-WP,Junction box,False,DPPU YIA,T-011,17.008,Opsi >10–25 m,False,,
AUTO-3731744176DCCF24196EBB1D,BC-014,Kamera CCTV,False,DPPU YIA,T-002,7.525,Opsi >5–10 m,False,,
AUTO-37FAEB72A37D903406EA2AA5,BC-034,Kamera CCTV,False,DPPU YIA,T-010,5.007,Opsi >5–10 m,False,,
AUTO-380182FF709CFC5160A45938,C-37-EXP,Kamera CCTV,False,FT Tegal Baru,,,Tidak ada opsi ≤25 m,False,,
AUTO-3816172297602D462E64629B,C-27,Kamera CCTV,True,FT Tegal Baru,,,Tidak ada opsi ≤25 m,False,,
AUTO-38360DF910126FFF368DDAD1,C-028,Kamera CCTV,False,FT LOMANIS,T-022,5.63,Opsi >5–10 m,True,T-028,
AUTO-38CCBBE815F07A40E28858E7,C-041-PTZ,Kamera CCTV,False,ITC LPG CILACAP,T-005,21.202,Opsi >10–25 m,False,,
AUTO-38E681A520311A407F455026,C-030,Kamera CCTV,False,FT MAOS,,,Tidak ada opsi ≤25 m,False,,
AUTO-3A5D9ECC41FD0BCFABF151D6,JB00.1- MENARA,Junction box,False,FT REWULU,,,Tidak ada opsi ≤25 m,False,,
AUTO-3A67809B3D8951FF473DD764,JB-11.1,Junction box,False,ITC LPG CILACAP,,,Tidak ada opsi ≤25 m,True,T-011,
AUTO-3ABD2EEE25322AE7CC89DFDE,BC-011,Kamera CCTV,False,DPPU YIA,T-001,6.108,Opsi >5–10 m,False,,
AUTO-3E6062E533F7E6022EFCDACC,C-023,Kamera CCTV,False,FT LOMANIS,T-018,5.622,Opsi >5–10 m,True,T-023,
AUTO-3EB5B24B2935272A6829552B,C-051,Kamera CCTV,False,FT REWULU,T-003,5.267,Opsi >5–10 m,False,,
AUTO-3F5D508D1CD1BF4E61D98A3C,C-017,Kamera CCTV,False,FT LOMANIS,T-012,5.428,Opsi >5–10 m,True,T-017,
AUTO-405CB61D914F075320B13F4F,C-044-Dome,Kamera CCTV,True,FT MAOS,,,Tidak ada opsi ≤25 m,False,,
AUTO-40F784AAD6067F2B71D81CA6,C-030,Kamera CCTV,False,FT CILACAP,T-003,13.769,Opsi >10–25 m,False,,
AUTO-42DD31C0E68F0C9CB18BBE8F,JB-FO-Server CR,Junction box,False,FT LOMANIS,,,Tidak ada opsi ≤25 m,False,,
AUTO-430607A706AC3EE117CE2EC0,C-063-Alokasi ke pompa,Kamera CCTV,False,FT LOMANIS,T-012,8.233,Opsi >5–10 m,False,,
AUTO-4324420E030C320B59A46DCB,C-04,Kamera CCTV,True,FT Tegal Baru,,,Tidak ada opsi ≤25 m,True,T-04,
AUTO-43F05BB19A2611C5E7AA08EC,C-044,Kamera CCTV,True,ITC LPG CILACAP,,,Tidak ada opsi ≤25 m,False,,
AUTO-44C0F217D9215B5AA8B6BCD0,C-14,Kamera CCTV,True,FT Tegal Baru,T-04,24.411,Opsi >10–25 m,True,T-14,
AUTO-4533DE48D27D24AF2E9ED88D,C-030,Kamera CCTV,False,ITC LPG CILACAP,T-008,11.107,Opsi >10–25 m,False,,
AUTO-456DF77244A3D1C256BB6672,C-010-Exp,Kamera CCTV,False,FT MAOS,,,Tidak ada opsi ≤25 m,True,T-010,
AUTO-45D71BD0388B174BD1EEE08B,C-044,Kamera CCTV,False,FT LOMANIS,T-008,12.321,Opsi >10–25 m,False,,
AUTO-460A086244814081483F1EEF,C-030,Kamera CCTV,False,FT PENGAPON - SEMARANG,T-006,8.32,Opsi >5–10 m,False,,
AUTO-47C360D8892ABFDF9A9DDB36,C-035,Kamera CCTV,False,FT PENGAPON - SEMARANG,T-010,9.954,Opsi >5–10 m,False,,
AUTO-47E40AF38D5FD76A955BDA79,C-028,Kamera CCTV,False,FT CILACAP,T-002,6.011,Opsi >5–10 m,False,,
AUTO-48FC4694637A302F117C80C6,Cam-07,Kamera CCTV,True,Booster Kutawinangun,T-04,11.427,Opsi >10–25 m,True,T-07,
AUTO-492048748F6145F8B0B22352,C-013,Kamera CCTV,False,FT LOMANIS,T-007,6.87,Opsi >5–10 m,True,T-013,
AUTO-4A2806268F00346F5CE915AD,JB-1.1,Junction box,False,FT CILACAP,,,Tidak ada opsi ≤25 m,True,T-001,
AUTO-4A68132D92475B2BA3361146,C-013-Exp,Kamera CCTV,False,FT MAOS,,,Tidak ada opsi ≤25 m,False,,
AUTO-4A7308FA25FB546AB7E0DE08,C-030- Dome,Kamera CCTV,True,FT REWULU,,,Tidak ada opsi ≤25 m,False,,
AUTO-4B3C9A507650589A88EA55DA,JB-08.3,Junction box,False,FT Tegal Baru,,,Tidak ada opsi ≤25 m,True,T-08,
AUTO-4B53A9106A8E7A9CCB64449B,C-46,Kamera CCTV,False,FT Tegal Baru,,,Tidak ada opsi ≤25 m,False,,
AUTO-4B95B9CDF5A9D525AD7AD8E6,C-022,Kamera CCTV,False,ITC LPG CILACAP,T-002,18.991,Opsi >10–25 m,False,,
AUTO-4D2D655F8AFC3751ABC2DA91,JB-02.2,Junction box,False,ITC LPG CILACAP,T-002,18.945,Opsi >10–25 m,True,T-002,18.945
AUTO-4D87E7E7D1FB17D693360E5F,JB-005+Ek 8U-EXP,Junction box,False,FT MAOS,T-005,21.277,Opsi >10–25 m,True,T-005,21.277
AUTO-4E20031E7C180D204EBB44B8,BC-031,Kamera CCTV,False,DPPU YIA,T-012,6.403,Opsi >5–10 m,False,,
AUTO-4E5462D3696C621B068BF032,C-037,Kamera CCTV,False,FT PENGAPON - SEMARANG,T-021,7.425,Opsi >5–10 m,False,,
AUTO-4E69E3F669448D16238F363E,JB-4.1-EXP,Junction box,False,FT CILACAP,,,Tidak ada opsi ≤25 m,True,T-004,
AUTO-4ED81BFA7AA12830C9256272,C-039,Kamera CCTV,False,FT REWULU,T-007,6.449,Opsi >5–10 m,False,,
AUTO-5036F7D54E437C3A806CD776,C-018,Kamera CCTV,True,FT CILACAP,T-002,19.396,Opsi >10–25 m,False,,
AUTO-534B3157519EE0CCC9C932DC,C-44,Kamera CCTV,False,FT Tegal Baru,,,Tidak ada opsi ≤25 m,False,,
AUTO-5372038CA04A762D5E08CB79,C-051,Kamera CCTV,True,FT LOMANIS,T-022,17.877,Opsi >10–25 m,False,,
AUTO-53920B519E270975BC49D6B4,C.004,Kamera CCTV,False,FT CILACAP,,,Tidak ada opsi ≤25 m,True,T-004,
AUTO-54C251A68520BC27F721F22D,C-024-Fix Dome,Kamera CCTV,True,FT PENGAPON - SEMARANG,T-TOWER,20.567,Opsi >10–25 m,False,,
AUTO-5746C6C241189BFB60AF70B2,C-005-exp,Kamera CCTV,False,ITC LPG CILACAP,T-013,24.043,Opsi >10–25 m,True,T-005,
AUTO-57D658FB09C5A2FADE5E66AE,SERVER,Junction box,False,DPPU YIA,T-016,12.983,Opsi >10–25 m,False,,
AUTO-58E37E37CB2A0E44070C2FD5,C-011,Kamera CCTV,False,ITC LPG CILACAP,T-005,20.766,Opsi >10–25 m,True,T-011,
AUTO-5909E743D271CFFE3CEE8046,C-45,Kamera CCTV,False,FT Tegal Baru,,,Tidak ada opsi ≤25 m,False,,
AUTO-590F055D65F06F760C2412F0,C-031,Kamera CCTV,True,FT LOMANIS,,,Tidak ada opsi ≤25 m,False,,
AUTO-5972FD82E8DFF7FA0D14845B,C-033,Kamera CCTV,False,FT CILACAP,,,Tidak ada opsi ≤25 m,False,,
AUTO-599DE4B7EBA7B5045B17B3A5,C-013,Kamera CCTV,False,ITC LPG CILACAP,T-005,20.523,Opsi >10–25 m,True,T-013,
AUTO-5ADE29BE2B1D9AD4756FF03C,C-057,Kamera CCTV,True,FT LOMANIS,,,Tidak ada opsi ≤25 m,False,,
AUTO-5B2C3FA686C02EAF889F34A6,JB-007,Junction box,False,FT MAOS,,,Tidak ada opsi ≤25 m,True,T-007,
AUTO-5CC3DAF93E988B73E3454884,C-020,Kamera CCTV,True,FT CILACAP,,,Tidak ada opsi ≤25 m,False,,
AUTO-5DF015FE3F60E8CA8940442B,C-034,Kamera CCTV,False,FT PENGAPON - SEMARANG,T-009,6.068,Opsi >5–10 m,False,,
AUTO-5E8B215051B6D3569F4076FF,Cam-18,Kamera CCTV,True,Booster Kutawinangun,T-08,17.139,Opsi >10–25 m,False,,
AUTO-5F07AB125779DB286C0F70FF,Cam-05,Kamera CCTV,True,Booster Kutawinangun,T-05,17.86,Opsi >10–25 m,True,T-05,17.86
AUTO-608C26FB284326A391A15BCB,C-022- Dome,Kamera CCTV,True,FT REWULU,,,Tidak ada opsi ≤25 m,False,,
AUTO-612CB58C34248E1892289C49,C-023,Kamera CCTV,False,FT CILACAP,,,Tidak ada opsi ≤25 m,False,,
AUTO-61CA1D88392AF239BD6A633C,JB-CCTV-15-WP,Junction box,False,DPPU YIA,T-007,12.639,Opsi >10–25 m,False,,
AUTO-6257B2D25B92C6C95934EEA9,C-042,Kamera CCTV,False,FT PENGAPON - SEMARANG,,,Tidak ada opsi ≤25 m,False,,
AUTO-62F04435F52ACC9E7DA91559,C-064,Kamera CCTV,False,FT LOMANIS,T-014,11.103,Opsi >10–25 m,False,,
AUTO-631D35E82EB33F3658CCA01A,BC-015,Kamera CCTV,False,DPPU YIA,T-002,8.869,Opsi >5–10 m,False,,
AUTO-63C33FD1B9AF27C5351E473C,C-033-Exp,Kamera CCTV,False,FT MAOS,,,Tidak ada opsi ≤25 m,False,,
AUTO-63EF107657AAD7CFD1643AED,C-043,Kamera CCTV,True,ITC LPG CILACAP,,,Tidak ada opsi ≤25 m,False,,
AUTO-6547F3281A91673DCA370B93,BC-013,Kamera CCTV,False,DPPU YIA,T-001,7.677,Opsi >5–10 m,False,,
AUTO-65E663DBC669E90A761F727D,BC-007,Kamera CCTV,False,DPPU YIA,T-020,5.831,Opsi >5–10 m,False,,
AUTO-6632555079EE2F78919BE7D9,C-034,Kamera CCTV,False,FT REWULU,T-018,7.947,Opsi >5–10 m,False,,
AUTO-666BCF5F1BD78F62FBDEC0ED,JB-02.1,Junction box,False,ITC LPG CILACAP,T-001,23.446,Opsi >10–25 m,True,T-002,23.933
AUTO-679F151743A695E1DDFEDA61,C-011-Exp,Kamera CCTV,False,FT MAOS,,,Tidak ada opsi ≤25 m,True,T-011,
AUTO-680C3AB724DC53FC7D4E7A05,C-06,Kamera CCTV,True,FT Tegal Baru,,,Tidak ada opsi ≤25 m,True,T-06,
AUTO-68654886498E7745C7F77078,C-027-Fix Dome,Kamera CCTV,True,FT PENGAPON - SEMARANG,T-TOWER,14.644,Opsi >10–25 m,False,,
AUTO-68F9BB3B6A4EF8624335D4D4,JB-08,Junction box,False,FT Tegal Baru,,,Tidak ada opsi ≤25 m,True,T-08,
AUTO-6A755EC418A352E0DB26E4E1,C-042-Dome,Kamera CCTV,True,FT MAOS,,,Tidak ada opsi ≤25 m,False,,
AUTO-6ABA2CC206F50C3F37B463E6,C-042,Kamera CCTV,True,ITC LPG CILACAP,T-014,24.832,Opsi >10–25 m,False,,
AUTO-6B2F7B818E9D467FFED2C5D7,BC-033,Kamera CCTV,False,DPPU YIA,T-011,6.536,Opsi >5–10 m,False,,
AUTO-6B63C3495351EF2944A3DAC8,C-014-Exp,Kamera CCTV,False,FT MAOS,,,Tidak ada opsi ≤25 m,False,,
AUTO-6B6ACB30D1E2FCEC0CB09C1E,JB-003,Junction box,False,FT MAOS,,,Tidak ada opsi ≤25 m,True,T-003,
AUTO-6C20747AEE1C9B75F87055D0,C-045,Kamera CCTV,False,FT LOMANIS,T-008,15.472,Opsi >10–25 m,False,,
AUTO-6C9D8879034C0B84767235A6,C-08,Kamera CCTV,True,FT Tegal Baru,T-02,11.87,Opsi >10–25 m,True,T-08,
AUTO-6D03DFD3340C816CBAB4BDC0,JB-14.1,Junction box,False,ITC LPG CILACAP,T-009,12.065,Opsi >10–25 m,True,T-014,
AUTO-6D09AC487A0A25024FBA572B,C-021,Kamera CCTV,False,ITC LPG CILACAP,T-002,11.04,Opsi >10–25 m,False,,
AUTO-6F65ABE36DF61E047042B42D,C-021,Kamera CCTV,False,FT PENGAPON - SEMARANG,,,Tidak ada opsi ≤25 m,True,T-021,
AUTO-707C5CE3DCB55DC81D31AF8B,C-011-Fix,Kamera CCTV,False,FT REWULU,T-012,7.021,Opsi >5–10 m,True,T-011,
AUTO-70A5EC7CC3E988D6F0F9B382,C-12,Kamera CCTV,True,FT Tegal Baru,,,Tidak ada opsi ≤25 m,True,T-12,
AUTO-70B6526FC85A84B3CC239EB2,C-41-EXP,Kamera CCTV,False,FT Tegal Baru,,,Tidak ada opsi ≤25 m,False,,
AUTO-717CDF2793C4B15518799DE7,C-025- Dome,Kamera CCTV,True,FT REWULU,T-014,21.937,Opsi >10–25 m,False,,
AUTO-726D47B6F7CA80D96AC46847,JB11.1-exp,Junction box,False,FT MAOS,,,Tidak ada opsi ≤25 m,True,T-011,
AUTO-73BC4E525C8965138D225373,C-023- Dome,Kamera CCTV,True,FT REWULU,T-015,24.199,Opsi >10–25 m,False,,
AUTO-73C21C0E1C9A4F991FD08F7F,Server,Junction box,False,FT Tegal Baru,,,Tidak ada opsi ≤25 m,False,,
AUTO-73C830336034E3CF8FFA2846,JB-004-exp,Junction box,False,ITC LPG CILACAP,,,Tidak ada opsi ≤25 m,True,T-004,
AUTO-742D20454B630A46341456B5,C-069-exp,Kamera CCTV,False,FT LOMANIS,T-020,15.962,Opsi >10–25 m,False,,
AUTO-745E9C67580B42C6E4773B86,C-008-PTZ- Menara,Kamera CCTV,False,FT REWULU,,,Tidak ada opsi ≤25 m,True,T-008,
AUTO-74E3E7F3A9AE4B19CF6C9346,C-047,Kamera CCTV,False,FT LOMANIS,T-028,16.684,Opsi >10–25 m,False,,
AUTO-764242EDF92540D23FF0EEE2,JB-018,Junction box,False,FT PENGAPON - SEMARANG,,,Tidak ada opsi ≤25 m,True,T-018,
AUTO-76700DE59CF896F229D69A45,C-049,Kamera CCTV,True,FT PENGAPON - SEMARANG,T-TOWER,16.14,Opsi >10–25 m,False,,
AUTO-767722BD35598F3256D4DAEA,JB-002,Junction box,False,FT MAOS,,,Tidak ada opsi ≤25 m,True,T-002,
AUTO-77B88317A437B99C2F4C2AD8,DC-045,Kamera CCTV,True,DPPU YIA,,,Tidak ada opsi ≤25 m,False,,
AUTO-7871E41B7BF6A4C88498DFDC,C-39-EXP,Kamera CCTV,False,FT Tegal Baru,,,Tidak ada opsi ≤25 m,False,,
AUTO-79E389E4B300296075B2F8E1,C-019-Fix,Kamera CCTV,False,FT REWULU,T-006,9.747,Opsi >5–10 m,True,T-019,
AUTO-7A0F8FDEE4656EAAD5BBD20C,C-014,Kamera CCTV,False,FT LOMANIS,T-008,5.929,Opsi >5–10 m,True,T-014,
AUTO-7AC199EA3B8698301C0BE060,Server  Selatan,Junction box,False,FT LOMANIS,,,Tidak ada opsi ≤25 m,False,,
AUTO-7DE5D885E63DB84E5FAB268B,JB-02.2,Junction box,False,FT Tegal Baru,T-04,24.535,Opsi >10–25 m,True,T-02,
AUTO-7E60029589142333DEBD93C3,JB_007,Junction box,False,FT CILACAP,T-009,7.485,Opsi >5–10 m,True,T-007,
AUTO-7FC796B81DE13CD1A5A93483,BC-020,Kamera CCTV,False,DPPU YIA,T-006,8.246,Opsi >5–10 m,False,,
AUTO-804173FE2C318DA21477787E,C-059,Kamera CCTV,True,FT LOMANIS,,,Tidak ada opsi ≤25 m,False,,
AUTO-80E9A5E9E53EEBEA6F065D27,DC-025,Kamera CCTV,True,DPPU YIA,,,Tidak ada opsi ≤25 m,False,,
AUTO-80F67CF3E2EC286DF72ED535,Server,Junction box,False,Booster Kutawinangun,T-05,15.326,Opsi >10–25 m,False,,
AUTO-8102403AC6955948674F09E5,JB-09.2,Junction box,False,ITC LPG CILACAP,T-005,20.573,Opsi >10–25 m,True,T-009,
AUTO-8115D8CC4D58C7A90102DCD7,C-024,Kamera CCTV,False,FT LOMANIS,T-019,7.302,Opsi >5–10 m,True,T-024,
AUTO-8340091CBB3E90BC8A04DD67,C-045,Kamera CCTV,True,ITC LPG CILACAP,,,Tidak ada opsi ≤25 m,False,,
AUTO-83A3B729F46084F4EEB0BF31,C-053,Kamera CCTV,False,FT LOMANIS,,,Tidak ada opsi ≤25 m,False,,
AUTO-83F851B441CF11A20B0A4E30,C-039,Kamera CCTV,False,FT LOMANIS,T-003,6.628,Opsi >5–10 m,False,,
AUTO-848CFA780700226D89998C6D,JB-Rack Server,Junction box,False,FT PENGAPON - SEMARANG,T-TOWER,17.843,Opsi >10–25 m,False,,
AUTO-856F6D0D911EC8E9518171DD,C-11,Kamera CCTV,True,FT Tegal Baru,,,Tidak ada opsi ≤25 m,True,T-11,
AUTO-85F904E0ED3EB406F277712D,C-003-Fix,Kamera CCTV,False,FT REWULU,,,Tidak ada opsi ≤25 m,True,T-003,
AUTO-864DBC1F0C9D43D4948B2E45,C-029-,Kamera CCTV,False,FT MAOS,,,Tidak ada opsi ≤25 m,False,,
AUTO-8656397F326565149B8FEE3D,C-016-exp,Kamera CCTV,False,FT LOMANIS,T-009,8.421,Opsi >5–10 m,True,T-016,
AUTO-87A6ABA3C9050A4E31C14663,C-006-exp,Kamera CCTV,False,ITC LPG CILACAP,,,Tidak ada opsi ≤25 m,True,T-006,
AUTO-883A302204A4B1301F54768F,C-047,Kamera CCTV,True,ITC LPG CILACAP,T-001,18.286,Opsi >10–25 m,False,,
AUTO-89B1ECC088B0973A694CE9FD,C-037,Kamera CCTV,False,FT CILACAP,T-009,10.089,Opsi >10–25 m,False,,
AUTO-8AB63998BC5AE329517DD2D7,JB-017-EXP,Junction box,False,FT REWULU,,,Tidak ada opsi ≤25 m,True,T-017,
AUTO-8B65A1F02681CA8AA46132B4,C-024,Kamera CCTV,False,ITC LPG CILACAP,,,Tidak ada opsi ≤25 m,False,,
AUTO-8B6D1437D897012E55EF1E1F,C.001,Kamera CCTV,False,FT CILACAP,,,Tidak ada opsi ≤25 m,True,T-001,
AUTO-8BF75A3FE1EE16AD078DCBC1,C-046-Dome,Kamera CCTV,True,FT MAOS,,,Tidak ada opsi ≤25 m,False,,
AUTO-8C308BAB4BDC0DCFF13879A8,C.011,Kamera CCTV,False,FT CILACAP,T-013,7.392,Opsi >5–10 m,True,T-011,
AUTO-8C4DAF0E59F2DB2D24539762,Cam-06,Kamera CCTV,True,Booster Kutawinangun,T-04,7.335,Opsi >5–10 m,True,T-06,
AUTO-8C821BEDDF825C5679670E97,C-004-Fix,Kamera CCTV,False,FT REWULU,,,Tidak ada opsi ≤25 m,True,T-004,
AUTO-8CCEA04CD2E11A38977A24B0,C-025,Kamera CCTV,False,ITC LPG CILACAP,T-005,23.842,Opsi >10–25 m,False,,
AUTO-8D75A1A4964C116EA6849185,C-037,Kamera CCTV,False,FT REWULU,T-005,17.808,Opsi >10–25 m,False,,
AUTO-8D9D38B3BF034A6B0EED7E62,C-008-exp,Kamera CCTV,False,ITC LPG CILACAP,,,Tidak ada opsi ≤25 m,True,T-008,
AUTO-8DE302B1598E29F9A28F0871,BC-009,Kamera CCTV,False,DPPU YIA,,,Tidak ada opsi ≤25 m,False,,
AUTO-8E8C5E144E64BCF4953D81B8,C-048,Kamera CCTV,False,FT PENGAPON - SEMARANG,,,Tidak ada opsi ≤25 m,False,,
AUTO-8EBD72B50B676F3499CD33CE,C-041,Kamera CCTV,False,FT CILACAP,T-010,5.915,Opsi >5–10 m,False,,
AUTO-90E0DE4B747B67D9E99ECE95,C-002-Fix,Kamera CCTV,False,FT MAOS,T-001,7.93,Opsi >5–10 m,True,T-002,
AUTO-912D57A6CE04B6C389472308,C-041,Kamera CCTV,False,FT LOMANIS,T-001,10.126,Opsi >10–25 m,False,,
AUTO-91AB02DC7996156DC314E72D,C-036,Kamera CCTV,False,FT PENGAPON - SEMARANG,T-010,11.567,Opsi >10–25 m,False,,
AUTO-91FE3193B461162D1E7FD6DC,JB-CCTV-04-WP,Junction box,False,DPPU YIA,,,Tidak ada opsi ≤25 m,False,,
AUTO-921F31E3AAA6EFEEA9D766F7,JB.16.1,Junction box,False,FT LOMANIS,T-020,14.515,Opsi >10–25 m,True,T-016,
AUTO-9226318178EE2D60723DA22B,C-015-exp,Kamera CCTV,False,FT LOMANIS,T-010,5.925,Opsi >5–10 m,True,T-015,
AUTO-92D8D8E70D5EB00BD4A6E9A0,JB-02,Junction box,False,FT Tegal Baru,,,Tidak ada opsi ≤25 m,True,T-02,
AUTO-932B7F257411FA0E90F1F188,C-047,Kamera CCTV,False,FT REWULU,,,Tidak ada opsi ≤25 m,False,,
AUTO-943B1AECA81E8026F2EEC4E5,C-041,Kamera CCTV,False,FT PENGAPON - SEMARANG,,,Tidak ada opsi ≤25 m,False,,
AUTO-96F9261689F22AE97C4BEF49,C-038,Kamera CCTV,False,FT REWULU,T-006,6.461,Opsi >5–10 m,False,,
AUTO-97BC3AD9CA7DA7625F872F55,C-054,Kamera CCTV,True,FT LOMANIS,T-022,10.31,Opsi >10–25 m,False,,
AUTO-97F99B6DEFCC9C9038729055,C-072,Kamera CCTV,True,FT LOMANIS,T-003,21.378,Opsi >10–25 m,False,,
AUTO-9926870B36479B186223447A,C.010,Kamera CCTV,False,FT CILACAP,T-013,6.39,Opsi >5–10 m,True,T-010,
AUTO-9952A835314D7748C237429E,C-019,Kamera CCTV,True,FT CILACAP,T-002,24.874,Opsi >10–25 m,False,,
AUTO-99534EF3502653926425735B,JB08.1,Junction box,False,FT REWULU,T-008,19.84,Opsi >10–25 m,True,T-008,19.84
AUTO-9A07957593BD668822FD7DCF,C-073,Kamera CCTV,True,FT LOMANIS,T-025,23.729,Opsi >10–25 m,False,,
AUTO-9C130FC8B91419A7EC2E911F,PC-026,Kamera CCTV,False,DPPU YIA,T-013,6.55,Opsi >5–10 m,False,,
AUTO-9D5361802948DE18C1F4513A,DC-047,Kamera CCTV,True,DPPU YIA,T-016,14.956,Opsi >10–25 m,False,,
AUTO-9DBFC8EC53D1704E53FF30A8,C-049-Dome,Kamera CCTV,True,FT MAOS,,,Tidak ada opsi ≤25 m,False,,
AUTO-9E1CA169DBE4284E94F3F8FF,C-020-Fix,Kamera CCTV,False,FT MAOS,T-001,21.861,Opsi >10–25 m,False,,
AUTO-9E490E1DB865730FE29BE937,JB-02.4,Junction box,False,FT Tegal Baru,,,Tidak ada opsi ≤25 m,True,T-02,
AUTO-9E5C6CB46722D2159F6EB8AE,C-042,Kamera CCTV,False,FT REWULU,,,Tidak ada opsi ≤25 m,False,,
AUTO-A1F74D527135F11E071589B4,JB-19.2-WP,Junction box,False,FT PENGAPON - SEMARANG,,,Tidak ada opsi ≤25 m,True,T-019,
AUTO-A2FC36BB4C3C6FA479D80329,C-027- Dome,Kamera CCTV,True,FT REWULU,T-014,22.122,Opsi >10–25 m,False,,
AUTO-A35206E985CB453C79183539,DC-046,Kamera CCTV,True,DPPU YIA,T-016,24.155,Opsi >10–25 m,False,,
AUTO-A4ECBC8A01CECBA4F8FDCF0C,C-048-Dome,Kamera CCTV,True,FT MAOS,,,Tidak ada opsi ≤25 m,False,,
AUTO-A56ED8B45B0C1D2AEDD5EC41,JB.CR.1-exp,Junction box,False,FT LOMANIS,,,Tidak ada opsi ≤25 m,False,,
AUTO-A72D43A855EA88647C10291F,C-017,Kamera CCTV,True,FT CILACAP,,,Tidak ada opsi ≤25 m,False,,
AUTO-A73070085712C695E4BF42D9,BC-001,Kamera CCTV,False,DPPU YIA,T-017,6.261,Opsi >5–10 m,False,,
AUTO-A7AB1822EB9BF9AA0DA0F7EE,JB-014,Junction box,False,FT REWULU,,,Tidak ada opsi ≤25 m,True,T-014,
AUTO-AA5722F093F52A57632B38B9,JB-3.2,Junction box,False,FT CILACAP,,,Tidak ada opsi ≤25 m,True,T-003,
AUTO-AAC9F353026BD2E3CD22E0A4,BC-010,Kamera CCTV,False,DPPU YIA,,,Tidak ada opsi ≤25 m,False,,
AUTO-AAFDE519C116813260F21B48,C-066,Kamera CCTV,False,FT LOMANIS,T-016,14.682,Opsi >10–25 m,False,,
AUTO-AB15BE69AFC8CF6CF14473CE,JB_001,Junction box,False,FT CILACAP,,,Tidak ada opsi ≤25 m,True,T-001,
AUTO-AB22642EF4501C4F1EE878EE,C-021- Dome,Kamera CCTV,True,FT REWULU,,,Tidak ada opsi ≤25 m,False,,
AUTO-AD62F06B20F19261B4505F3A,JB-008-exp,Junction box,False,FT MAOS,T-009,15.367,Opsi >10–25 m,True,T-008,
AUTO-ADED6A335B55D7EE46EBE6F3,C-015-Fix,Kamera CCTV,False,FT REWULU,T-004,9.899,Opsi >5–10 m,True,T-015,
AUTO-AF04FF9CB64D5D1C49C338B0,C-018-Fix,Kamera CCTV,False,FT REWULU,T-007,7.994,Opsi >5–10 m,True,T-018,
AUTO-B02E8DBCD05E07523E825B2D,C-058,Kamera CCTV,True,FT LOMANIS,,,Tidak ada opsi ≤25 m,False,,
AUTO-B047BAEFAB0025D25572E683,C-043,Kamera CCTV,False,FT REWULU,T-008,18.948,Opsi >10–25 m,False,,
AUTO-B1524FD9C5A731302A23A615,C-050,Kamera CCTV,True,FT LOMANIS,T-022,12.044,Opsi >10–25 m,False,,
AUTO-B1A7A2787704731FCBA7C2A6,C-15,Kamera CCTV,True,FT Tegal Baru,T-05,21.275,Opsi >10–25 m,True,T-15,
AUTO-B3C527C07C95702C5D739EDE,C-023,Kamera CCTV,False,ITC LPG CILACAP,T-002,24.124,Opsi >10–25 m,False,,
AUTO-B4B0A0F4AB75850826ABB82C,C-056,Kamera CCTV,False,FT LOMANIS,,,Tidak ada opsi ≤25 m,False,,
AUTO-B5082EBC56AB55CD03818C30,JB-3.1,Junction box,False,FT CILACAP,T-003,13.068,Opsi >10–25 m,True,T-003,13.068
AUTO-B55D2342BA7F04DE3D509B88,BC-030,Kamera CCTV,False,DPPU YIA,T-012,6.186,Opsi >5–10 m,False,,
AUTO-B6730649B74EA70901D6F298,DC-043,Kamera CCTV,True,DPPU YIA,T-016,20.595,Opsi >10–25 m,False,,
AUTO-B698D938670537AE56D77EF5,C-029,Kamera CCTV,False,FT CILACAP,,,Tidak ada opsi ≤25 m,False,,
AUTO-B723985D47C6363EFAD804DD,C-38-EXP,Kamera CCTV,False,FT Tegal Baru,,,Tidak ada opsi ≤25 m,False,,
AUTO-B74BA675C58EC0ABC18B2D1D,C-003-Fix Relokasi,Kamera CCTV,False,FT MAOS,,,Tidak ada opsi ≤25 m,True,T-003,
AUTO-B85D76FA8E6EB64759E8BC21,C-055,Kamera CCTV,True,FT LOMANIS,T-022,22.802,Opsi >10–25 m,False,,
AUTO-B8A8165D07077306F86438FD,C-040,Kamera CCTV,False,FT LOMANIS,T-001,13.578,Opsi >10–25 m,False,,
AUTO-B8D7C7FFC016846804E5135C,BC-019,Kamera CCTV,False,DPPU YIA,T-006,5.859,Opsi >5–10 m,False,,
AUTO-B935385F118601655AB1D4F7,BC-042,Kamera CCTV,False,DPPU YIA,T-016,6.273,Opsi >5–10 m,False,,
AUTO-B95753307B60091CEB8BC141,BC-017,Kamera CCTV,False,DPPU YIA,T-004,7.442,Opsi >5–10 m,False,,
AUTO-BA0DA2F688BCA04BED4EC94A,JB-2.1,Junction box,False,FT CILACAP,T-002,13.403,Opsi >10–25 m,True,T-002,13.403
AUTO-BA4E2DB27D92C65B23072A09,C-023-Fix Dome,Kamera CCTV,True,FT PENGAPON - SEMARANG,T-TOWER,10.165,Opsi >10–25 m,False,,
AUTO-BCE89A3A1CEC4A21CCA8CF5D,DC-039,Kamera CCTV,True,DPPU YIA,T-007,7.279,Opsi >5–10 m,False,,
AUTO-BD09F8286A3B0191E0CCC08A,C-026- Dome,Kamera CCTV,True,FT REWULU,T-014,11.95,Opsi >10–25 m,False,,
AUTO-BDD2A8BDC32AB335BB38A1C9,C-027,Kamera CCTV,False,ITC LPG CILACAP,T-006,6.512,Opsi >5–10 m,False,,
AUTO-BE5F1871C2C8C2488A428F9E,C-032,Kamera CCTV,False,FT CILACAP,,,Tidak ada opsi ≤25 m,False,,
AUTO-BF6C483936A2359A82398E90,C-029,Kamera CCTV,True,FT LOMANIS,,,Tidak ada opsi ≤25 m,False,,
AUTO-C11EAE5C859C51E3B30EB146,Cam-08,Kamera CCTV,True,Booster Kutawinangun,T-04,13.367,Opsi >10–25 m,True,T-08,
AUTO-C1301539B164ED8DAF39E2B1,C-045,Kamera CCTV,True,FT PENGAPON - SEMARANG,,,Tidak ada opsi ≤25 m,False,,
AUTO-C16A4C8666FEB9559E87C6BA,JB-01.3,Junction box,False,ITC LPG CILACAP,T-014,7.73,Opsi >5–10 m,True,T-001,24.398
AUTO-C1989CF8C39347152C1EF224,JB-12.2,Junction box,False,ITC LPG CILACAP,,,Tidak ada opsi ≤25 m,True,T-012,
AUTO-C23F217B6A6AA2E31950A399,JB00.3,Junction box,False,FT LOMANIS,,,Tidak ada opsi ≤25 m,False,,
AUTO-C39BD826B25B75A5F03099D5,JB-CCTV-02-CR-WP,Junction box,False,FT LOMANIS,T-022,24.428,Opsi >10–25 m,False,,
AUTO-C4E44BC22E1AF53DE110338E,C-13,Kamera CCTV,True,FT Tegal Baru,T-04,24.5,Opsi >10–25 m,True,T-13,
AUTO-C50D8F54EEB98775EDB96D95,C-009,Kamera CCTV,False,FT LOMANIS,T-004,6.116,Opsi >5–10 m,True,T-009,
AUTO-C5785F45B55652A70FA9B7A4,C-02,Kamera CCTV,True,FT Tegal Baru,T-01,15.483,Opsi >10–25 m,True,T-02,19.648
AUTO-C64D16B6BA076138143501D8,C-046,Kamera CCTV,True,ITC LPG CILACAP,,,Tidak ada opsi ≤25 m,False,,
AUTO-C7A4F5FAA4595A82468CD865,JB08.3-WP,Junction box,False,FT MAOS,T-009,21.632,Opsi >10–25 m,True,T-008,
AUTO-C7EE3EC078C6A55F46FA0703,C-038-Fix Genset,Kamera CCTV,False,FT MAOS,T-009,22.313,Opsi >10–25 m,False,,
AUTO-C839A16D566557DC854A1140,JB00.1 ( JB DIBAWAH TOWER),Junction box,False,FT MAOS,,,Tidak ada opsi ≤25 m,False,,
AUTO-C9E2AEFB69F790DD5A6A100E,C-040,Kamera CCTV,False,ITC LPG CILACAP,T-004,8.002,Opsi >5–10 m,False,,
AUTO-CA6F5306832A458DBF9313D9,DC-040,Kamera CCTV,True,DPPU YIA,T-008,16.603,Opsi >10–25 m,False,,
AUTO-CC5FC7C2CB70C74A2D5DEABD,C-030,Kamera CCTV,True,FT LOMANIS,,,Tidak ada opsi ≤25 m,False,,
AUTO-CCAD11CBB662F43A723111A1,C-040,Kamera CCTV,False,FT CILACAP,T-011,6.378,Opsi >5–10 m,False,,
AUTO-CD0A553C86CDE5B46B74CBC4,C-035,Kamera CCTV,False,ITC LPG CILACAP,T-011,5.876,Opsi >5–10 m,False,,
AUTO-CD1F13E25047851E89AF523C,BC-008,Kamera CCTV,False,DPPU YIA,,,Tidak ada opsi ≤25 m,False,,
AUTO-CE0FE0981EDD2B4C8B6D21C1,C-027_T-024,Kamera CCTV,False,FT LOMANIS,T-024,11.17,Opsi >10–25 m,True,T-027,
AUTO-CF491C0345509C08B43EE3FF,JB-12,Junction box,False,Booster Kutawinangun,,,Tidak ada opsi ≤25 m,False,,
AUTO-D10C331A71DD82E6275C7773,C-028-Exp,Kamera CCTV,False,FT MAOS,,,Tidak ada opsi ≤25 m,False,,
AUTO-D260BF9BC965E416E20F3359,C-025,Kamera CCTV,False,FT LOMANIS,T-020,5.359,Opsi >5–10 m,True,T-025,
AUTO-D4B4C0D1F81B1F14E93D2E4E,JB-13-EXP,Junction box,False,FT Tegal Baru,,,Tidak ada opsi ≤25 m,True,T-13,
AUTO-D56C6FFA3DEDD687A28BEE9B,JB-11.2,Junction box,False,ITC LPG CILACAP,,,Tidak ada opsi ≤25 m,True,T-011,
AUTO-D579E6725C0F2B6C61A0A869,C-044,Kamera CCTV,True,FT PENGAPON - SEMARANG,,,Tidak ada opsi ≤25 m,False,,
AUTO-D6E8E73AFDADC0247052DE6C,JB-04.1-exp,Junction box,False,ITC LPG CILACAP,,,Tidak ada opsi ≤25 m,True,T-004,
AUTO-D7A4056373BE5D346168E864,JB00.4,Junction box,False,FT LOMANIS,,,Tidak ada opsi ≤25 m,False,,
AUTO-D7F6EE4CF467AF15F2E9C27D,C-020-Fix,Kamera CCTV,False,FT REWULU,T-005,8.346,Opsi >5–10 m,True,T-020,
AUTO-D9091E3563B974104CDEF402,C-061,Kamera CCTV,True,FT LOMANIS,,,Tidak ada opsi ≤25 m,False,,
AUTO-D94EBB82D23B91F527B78948,C-045-Dome,Kamera CCTV,True,FT MAOS,,,Tidak ada opsi ≤25 m,False,,
AUTO-DA58EF15F118082A0E934B4E,C-038,Kamera CCTV,False,FT CILACAP,T-015,7.253,Opsi >5–10 m,False,,
AUTO-DADC503DEB79A67200BFE8F2,C-10,Kamera CCTV,True,FT Tegal Baru,,,Tidak ada opsi ≤25 m,True,T-10,
AUTO-DAF104CB3CB1AF5787073DA8,JB-15.1-WP,Junction box,False,FT PENGAPON - SEMARANG,,,Tidak ada opsi ≤25 m,True,T-015,
AUTO-DC31205AA5BA0F294B1CED8F,C-049,Kamera CCTV,True,FT LOMANIS,T-024,14.817,Opsi >10–25 m,False,,
AUTO-DC4EF911DB208A7B80C5414D,C-018,Kamera CCTV,False,ITC LPG CILACAP,T-005,19.046,Opsi >10–25 m,False,,
AUTO-DD6E8783052925EE7BF1A70A,BC-037,Kamera CCTV,False,DPPU YIA,T-008,5.492,Opsi >5–10 m,False,,
AUTO-DF6444FA496E9769E182F8B4,C-046,Kamera CCTV,True,FT PENGAPON - SEMARANG,,,Tidak ada opsi ≤25 m,False,,
AUTO-DF98E8537A775E41151F597C,C-048,Kamera CCTV,False,FT LOMANIS,T-024,8.788,Opsi >5–10 m,False,,
AUTO-E061B858F365EEF673B958AD,C-039,Kamera CCTV,False,ITC LPG CILACAP,T-004,6.275,Opsi >5–10 m,False,,
AUTO-E0CB09BFB43685FEFC2F7905,JB-011.1-exp,Junction box,False,FT PENGAPON - SEMARANG,T-021,6.181,Opsi >5–10 m,True,T-011,
AUTO-E0D4BAB22FBF36BC3CE829BF,C-037,Kamera CCTV,True,FT LOMANIS,T-003,20.051,Opsi >10–25 m,False,,
AUTO-E0E286F303AA23A4CF97011E,C-40-EXP,Kamera CCTV,False,FT Tegal Baru,,,Tidak ada opsi ≤25 m,False,,
AUTO-E169CEAF593B10A2DDFDA544,BC-035,Kamera CCTV,False,DPPU YIA,T-009,7.724,Opsi >5–10 m,False,,
AUTO-E173ACC94607A4E92C8D1849,C-067,Kamera CCTV,False,FT LOMANIS,T-017,8.04,Opsi >5–10 m,False,,
AUTO-E31A1F6ED5A783D8A56BEDD3,C-043-Dome,Kamera CCTV,True,FT MAOS,,,Tidak ada opsi ≤25 m,False,,
AUTO-E347411C178E9500A37F6302,JB-CCTV-03A.2-WP,Junction box,False,FT LOMANIS,,,Tidak ada opsi ≤25 m,False,,
AUTO-E384E58825C3D2D5C74FDEB8,C-026,Kamera CCTV,False,ITC LPG CILACAP,,,Tidak ada opsi ≤25 m,False,,
AUTO-E421E8A106F39442120318AE,JB-01,Junction box,False,FT Tegal Baru,T-01,13.001,Opsi >10–25 m,True,T-01,13.001
AUTO-E56253255CCE4BF05DD9B688,C-09,Kamera CCTV,True,FT Tegal Baru,,,Tidak ada opsi ≤25 m,True,T-09,
AUTO-E6EF2B03C7727A95A1087BD7,JB-09.1,Junction box,False,ITC LPG CILACAP,T-005,24.623,Opsi >10–25 m,True,T-009,
AUTO-E7D61C79F3E05A46A16688F1,JB00.2,Junction box,False,FT REWULU,,,Tidak ada opsi ≤25 m,False,,
AUTO-E804DDAD9448AC0763467235,JB-14,Junction box,False,FT Tegal Baru,,,Tidak ada opsi ≤25 m,True,T-14,
AUTO-E930EC440040C07CE9944E22,C-05,Kamera CCTV,True,FT Tegal Baru,T-01,13.163,Opsi >10–25 m,True,T-05,
AUTO-E94A7B8DCF6294D62FFF2B21,C-052,Kamera CCTV,True,FT LOMANIS,T-022,24.264,Opsi >10–25 m,False,,
AUTO-EA2233497AA7ED1716E8E5EB,C-038,Kamera CCTV,False,FT PENGAPON - SEMARANG,T-011,8.951,Opsi >5–10 m,False,,
AUTO-EC684E74DA077A2E6F22DCD4,DC-044,Kamera CCTV,True,DPPU YIA,,,Tidak ada opsi ≤25 m,False,,
AUTO-ECB25FCFC591EEF998D99C66,C-004,Kamera CCTV,True,FT LOMANIS,T-025,19.747,Opsi >10–25 m,True,T-004,
AUTO-ECFE39ADD4FBF72FB9DD08E0,Cam-12,Kamera CCTV,False,Booster Kutawinangun,,,Tidak ada opsi ≤25 m,False,,
AUTO-ED9C46E39D7758C8B0CB5468,Cam-19,Kamera CCTV,False,Booster Kutawinangun,,,Tidak ada opsi ≤25 m,False,,
AUTO-EE1079F4C4D0CED49D49C2D6,DC-023,Kamera CCTV,True,DPPU YIA,T-015,18.894,Opsi >10–25 m,False,,
AUTO-EE81BB861568581120C4F8FA,JB-017,Junction box,False,FT PENGAPON - SEMARANG,,,Tidak ada opsi ≤25 m,True,T-017,
AUTO-EFF48B7CC3972BC4C2EA2B5B,Cam-10,Kamera CCTV,False,Booster Kutawinangun,T-04,5.325,Opsi >5–10 m,True,T-10,
AUTO-F04AEBDDAF2395556B554381,BC-018,Kamera CCTV,False,DPPU YIA,T-004,7.168,Opsi >5–10 m,False,,
AUTO-F172E2C7D5918F50D359A9DC,C-035,Kamera CCTV,False,FT LOMANIS,,,Tidak ada opsi ≤25 m,False,,
AUTO-F55BABF592A54FC6388876EC,C-024-Fix,Kamera CCTV,False,FT MAOS,,,Tidak ada opsi ≤25 m,False,,
AUTO-F5843350433F35AFAFD90007,C-068,Kamera CCTV,False,FT LOMANIS,T-018,11.835,Opsi >10–25 m,False,,
AUTO-F64D397C11AE6A5EE1AD3555,C-049,Kamera CCTV,False,FT REWULU,T-019,5.437,Opsi >5–10 m,False,,
AUTO-F72392E2CC94F0822D8DCD03,C-036-Fix,Kamera CCTV,False,FT MAOS,T-007,5.461,Opsi >5–10 m,False,,
AUTO-F853E6EB767A285C4D5CCB35,C-032-exp,Kamera CCTV,False,FT LOMANIS,,,Tidak ada opsi ≤25 m,False,,
AUTO-F8B16B2971C1DABEE54FFE3A,SERVER,Junction box,False,ITC LPG CILACAP,,,Tidak ada opsi ≤25 m,False,,
AUTO-F925E2F1F3030EC7ADFB0A96,C-03,Kamera CCTV,True,FT Tegal Baru,,,Tidak ada opsi ≤25 m,True,T-03,
AUTO-F92E22E0C1D055372FA97A57,DC-032,Kamera CCTV,True,DPPU YIA,T-011,11.153,Opsi >10–25 m,False,,
AUTO-F930E9F69DD0A4950411F6D9,JB03.1,Junction box,False,FT MAOS,,,Tidak ada opsi ≤25 m,True,T-003,
AUTO-FAEDD5C8DFD7ED24F40919F3,Cam-13,Kamera CCTV,False,Booster Kutawinangun,T-08,23.145,Opsi >10–25 m,False,,
AUTO-FD544986967A797B7C4E0082,C-047-CR-L2-Dome,Kamera CCTV,True,FT MAOS,,,Tidak ada opsi ≤25 m,False,,
AUTO-FD8D7CFD263070B867726EAE,C-033,Kamera CCTV,False,FT PENGAPON - SEMARANG,T-008,8.96,Opsi >5–10 m,False,,
AUTO-FD91FC4732B651F8E6A8515A,BC-016,Kamera CCTV,False,DPPU YIA,T-003,7.827,Opsi >5–10 m,False,,
AUTO-FF0998986DE44822B1430DA4,C-024,Kamera CCTV,False,FT CILACAP,,,Tidak ada opsi ≤25 m,False,,
AUTO-FF98BE56CC8A1D620EB48474,C-008,Kamera CCTV,False,FT LOMANIS,T-004,5.507,Opsi >5–10 m,True,T-008,
